timestamp,open,high,low,close,volume,support,resistance
2024-06-12 22:00:00,155.28,155.63,154.75,155.6,56866.638,154.75,155.63
2024-06-12 23:00:00,155.6,155.6,154.35,155.22,44515.234,154.35,155.63
2024-06-13 00:00:00,155.21,155.21,153.63,154.65,70920.426,153.63,155.63
2024-06-13 01:00:00,154.64,155.16,152.64,152.89,69946.582,152.64,155.63
2024-06-13 02:00:00,152.9,153.63,151.53,151.74,105485.587,151.53,155.63
2024-06-13 03:00:00,151.73,151.73,149.65,151.55,264833.808,149.65,155.63
2024-06-13 04:00:00,151.56,152.84,151.29,152.06,61024.947,149.65,155.63
2024-06-13 05:00:00,152.06,152.64,152.03,152.34,52175.12,149.65,155.63
2024-06-13 06:00:00,152.34,152.5,150.85,151.36,64374.902,149.65,155.63
2024-06-13 07:00:00,151.35,152.24,150.78,152.09,61483.281,149.65,155.63
2024-06-13 08:00:00,152.1,152.47,151.51,151.85,99203.432,149.65,155.63
2024-06-13 09:00:00,151.86,151.97,150.13,151.15,69280.664,149.65,155.63
2024-06-13 10:00:00,151.16,152.0,150.05,151.66,75639.879,149.65,155.63
2024-06-13 11:00:00,151.66,151.79,149.05,149.63,125077.842,149.05,155.63
2024-06-13 12:00:00,149.64,152.3,149.32,150.05,160580.766,149.05,155.63
2024-06-13 13:00:00,150.07,151.84,149.13,150.15,106792.91,149.05,155.63
2024-06-13 14:00:00,150.14,150.62,148.55,149.12,161617.201,148.55,155.63
2024-06-13 15:00:00,149.1,149.32,146.13,146.87,232139.717,146.13,155.63
2024-06-13 16:00:00,146.87,147.85,146.23,147.65,146117.725,146.13,155.63
2024-06-13 17:00:00,147.65,148.73,147.04,148.63,81718.792,146.13,155.63
2024-06-13 18:00:00,148.62,148.91,147.88,148.83,105491.458,146.13,155.63
2024-06-13 19:00:00,148.83,148.94,147.7,147.73,77168.911,146.13,155.63
2024-06-13 20:00:00,147.72,148.33,146.72,147.24,142713.789,146.13,155.63
2024-06-13 21:00:00,147.23,148.06,146.03,148.06,119892.803,146.03,155.63
2024-06-13 22:00:00,148.05,148.41,147.12,148.17,58707.932,146.03,155.63
2024-06-13 23:00:00,148.16,148.16,146.86,147.29,60900.637,146.03,155.63
2024-06-14 00:00:00,147.29,148.23,146.34,147.1,97555.564,146.03,155.63
2024-06-14 01:00:00,147.11,148.07,145.89,147.97,106496.151,145.89,155.63
2024-06-14 02:00:00,147.98,148.52,147.42,148.13,76853.968,145.89,155.63
2024-06-14 03:00:00,148.13,148.43,147.24,147.5,73096.426,145.89,155.63
2024-06-14 04:00:00,147.51,148.07,147.06,147.06,36748.903,145.89,155.63
2024-06-14 05:00:00,147.07,149.0,146.8,148.67,115672.519,145.89,155.63
2024-06-14 06:00:00,148.67,148.85,147.36,147.91,134776.236,145.89,155.63
2024-06-14 07:00:00,147.91,148.34,147.31,147.62,72260.715,145.89,155.63
2024-06-14 08:00:00,147.62,148.75,147.36,148.42,81278.575,145.89,155.63
2024-06-14 09:00:00,148.43,148.47,147.68,147.8,62320.723,145.89,155.63
2024-06-14 10:00:00,147.8,148.43,147.5,147.81,54682.377,145.89,155.63
2024-06-14 11:00:00,147.81,148.33,147.16,148.1,88469.562,145.89,155.63
2024-06-14 12:00:00,148.11,149.0,147.91,148.26,91149.58,145.89,155.63
2024-06-14 13:00:00,148.26,148.77,147.68,147.84,64934.531,145.89,155.63
2024-06-14 14:00:00,147.83,148.0,143.51,145.05,351232.102,143.51,155.63
2024-06-14 15:00:00,145.04,145.8,143.0,143.78,196330.449,143.0,155.63
2024-06-14 16:00:00,143.78,144.1,140.0,141.63,541256.038,140.0,155.63
2024-06-14 17:00:00,141.61,142.7,140.29,141.6,233978.89,140.0,155.63
2024-06-14 18:00:00,141.6,141.79,139.67,141.45,229728.693,139.67,155.63
2024-06-14 19:00:00,141.44,142.74,140.98,141.8,91644.145,139.67,155.63
2024-06-14 20:00:00,141.8,143.0,141.65,141.76,74905.744,139.67,155.63
2024-06-14 21:00:00,141.75,145.15,141.43,143.97,137594.513,139.67,155.63
2024-06-14 22:00:00,143.97,144.2,142.13,143.32,104652.087,139.67,155.63
2024-06-14 23:00:00,143.31,143.51,142.64,143.05,65843.002,139.67,155.63
2024-06-15 00:00:00,143.04,144.05,142.92,143.55,64578.743,139.67,155.6
2024-06-15 01:00:00,143.54,144.53,143.21,143.29,59867.586,139.67,155.21
2024-06-15 02:00:00,143.29,143.99,143.17,143.74,31159.601,139.67,155.16
2024-06-15 03:00:00,143.73,144.95,143.54,144.94,64901.053,139.67,153.63
2024-06-15 04:00:00,144.93,145.2,144.09,144.77,63120.003,139.67,152.84
2024-06-15 05:00:00,144.76,145.58,144.68,144.88,93631.597,139.67,152.84
2024-06-15 06:00:00,144.89,145.41,144.01,144.19,58907.451,139.67,152.64
2024-06-15 07:00:00,144.19,144.81,143.64,143.78,117725.148,139.67,152.5
2024-06-15 08:00:00,143.78,144.39,143.53,143.95,55429.975,139.67,152.47
2024-06-15 09:00:00,143.96,144.37,143.25,143.5,54783.416,139.67,152.47
2024-06-15 10:00:00,143.5,144.03,143.0,144.03,41513.81,139.67,152.3
2024-06-15 11:00:00,144.02,144.64,143.79,144.5,40366.338,139.67,152.3
2024-06-15 12:00:00,144.5,144.84,144.02,144.68,39159.648,139.67,152.3
2024-06-15 13:00:00,144.69,144.95,144.14,144.91,49374.826,139.67,152.3
2024-06-15 14:00:00,144.91,144.95,144.28,144.42,59993.984,139.67,151.84
2024-06-15 15:00:00,144.42,145.43,144.3,145.19,81815.329,139.67,150.62
2024-06-15 16:00:00,145.18,145.78,145.06,145.18,59262.843,139.67,149.32
2024-06-15 17:00:00,145.19,145.56,144.87,145.46,49396.297,139.67,149.0
2024-06-15 18:00:00,145.45,145.48,144.62,144.8,41875.627,139.67,149.0
2024-06-15 19:00:00,144.8,145.1,144.1,144.66,55008.148,139.67,149.0
2024-06-15 20:00:00,144.66,144.95,143.85,144.32,60633.446,139.67,149.0
2024-06-15 21:00:00,144.33,145.55,144.22,145.29,36251.45,139.67,149.0
2024-06-15 22:00:00,145.29,145.47,144.81,145.47,41521.93,139.67,149.0
2024-06-15 23:00:00,145.48,145.69,145.2,145.52,26646.673,139.67,149.0
2024-06-16 00:00:00,145.52,145.58,144.61,144.68,39463.356,139.67,149.0
2024-06-16 01:00:00,144.67,145.15,144.26,144.68,43951.378,139.67,149.0
2024-06-16 02:00:00,144.67,144.69,144.27,144.29,24738.051,139.67,149.0
2024-06-16 03:00:00,144.3,144.59,143.88,144.01,26248.143,139.67,149.0
2024-06-16 04:00:00,144.01,144.06,143.16,143.17,53984.803,139.67,149.0
2024-06-16 05:00:00,143.17,144.48,143.08,144.41,35199.487,139.67,149.0
2024-06-16 06:00:00,144.41,144.93,144.08,144.83,79359.203,139.67,149.0
2024-06-16 07:00:00,144.84,145.28,144.42,144.49,62785.973,139.67,149.0
2024-06-16 08:00:00,144.5,144.79,144.0,144.19,26221.789,139.67,149.0
2024-06-16 09:00:00,144.19,144.73,143.82,144.72,32385.195,139.67,149.0
2024-06-16 10:00:00,144.72,145.74,144.39,145.41,51950.121,139.67,149.0
2024-06-16 11:00:00,145.41,145.56,144.9,145.0,39333.998,139.67,149.0
2024-06-16 12:00:00,145.0,145.53,144.8,145.11,49914.724,139.67,149.0
2024-06-16 13:00:00,145.12,146.03,145.06,145.85,49784.022,139.67,149.0
2024-06-16 14:00:00,145.84,146.88,145.58,146.29,95299.038,139.67,148.77
2024-06-16 15:00:00,146.28,148.8,146.25,148.53,119668.009,139.67,148.8
2024-06-16 16:00:00,148.52,149.36,147.93,148.3,137617.325,139.67,149.36
2024-06-16 17:00:00,148.27,148.97,147.72,147.93,58116.994,139.67,149.36
2024-06-16 18:00:00,147.93,148.56,147.6,148.36,32200.975,139.67,149.36
2024-06-16 19:00:00,148.37,149.01,148.24,148.78,38452.752,139.67,149.36
2024-06-16 20:00:00,148.77,149.34,148.38,148.93,45873.506,140.98,149.36
2024-06-16 21:00:00,148.92,149.59,148.7,149.22,50165.718,141.43,149.59
2024-06-16 22:00:00,149.22,150.98,149.22,150.4,131415.746,141.43,150.98
2024-06-16 23:00:00,150.41,151.35,150.15,151.3,81749.121,142.13,151.35
2024-06-17 00:00:00,151.3,151.79,150.38,150.47,77543.9,142.64,151.79
2024-06-17 01:00:00,150.46,150.62,148.54,148.98,112005.285,142.92,151.79
2024-06-17 02:00:00,148.97,149.07,147.67,148.63,116043.766,143.0,151.79
2024-06-17 03:00:00,148.63,148.64,147.08,147.36,53871.433,143.0,151.79
2024-06-17 04:00:00,147.36,148.49,146.68,148.48,66250.683,143.0,151.79
2024-06-17 05:00:00,148.48,149.23,147.37,147.96,265452.573,143.0,151.79
2024-06-17 06:00:00,148.0,148.04,146.2,146.42,81398.237,143.0,151.79
2024-06-17 07:00:00,146.42,147.57,145.81,146.61,104317.938,143.0,151.79
2024-06-17 08:00:00,146.61,147.28,145.17,145.88,108777.527,143.0,151.79
2024-06-17 09:00:00,145.88,146.86,144.25,144.41,144287.06,143.0,151.79
2024-06-17 10:00:00,144.41,144.72,141.66,143.29,321512.161,141.66,151.79
2024-06-17 11:00:00,143.3,144.4,143.07,143.94,97744.526,141.66,151.79
2024-06-17 12:00:00,143.94,144.16,143.11,143.3,131549.214,141.66,151.79
2024-06-17 13:00:00,143.31,144.02,141.88,142.46,127916.072,141.66,151.79
2024-06-17 14:00:00,142.46,144.64,142.36,143.48,149343.396,141.66,151.79
2024-06-17 15:00:00,143.48,143.97,140.77,141.23,192556.205,140.77,151.79
2024-06-17 16:00:00,141.23,143.99,139.85,143.3,350434.249,139.85,151.79
2024-06-17 17:00:00,143.3,145.03,143.3,144.73,153950.017,139.85,151.79
2024-06-17 18:00:00,144.75,146.82,144.55,146.39,192057.186,139.85,151.79
2024-06-17 19:00:00,146.39,146.45,144.33,144.57,129453.226,139.85,151.79
2024-06-17 20:00:00,144.57,144.66,142.21,142.97,154521.547,139.85,151.79
2024-06-17 21:00:00,143.0,143.82,141.27,143.19,91684.682,139.85,151.79
2024-06-17 22:00:00,143.19,143.97,142.65,143.82,87548.868,139.85,151.79
2024-06-17 23:00:00,143.82,144.21,142.8,143.27,102740.061,139.85,151.79
2024-06-18 00:00:00,143.28,143.82,140.05,141.52,296090.764,139.85,151.79
2024-06-18 01:00:00,141.53,142.05,127.95,132.64,1382382.971,127.95,151.79
2024-06-18 02:00:00,132.64,135.71,130.97,134.75,625881.904,127.95,151.79
2024-06-18 03:00:00,134.75,135.72,133.78,135.62,192163.521,127.95,151.79
2024-06-18 04:00:00,135.61,137.32,134.74,136.81,246304.628,127.95,151.79
2024-06-18 05:00:00,136.81,137.87,136.38,136.5,155941.352,127.95,151.79
2024-06-18 06:00:00,136.5,137.16,135.52,136.09,146883.333,127.95,151.79
2024-06-18 07:00:00,136.1,137.04,136.07,136.71,114002.21,127.95,151.79
2024-06-18 08:00:00,136.71,138.85,136.47,138.61,212305.196,127.95,151.79
2024-06-18 09:00:00,138.6,138.79,137.2,137.31,118291.206,127.95,151.79
2024-06-18 10:00:00,137.31,138.46,136.81,137.67,90332.216,127.95,151.79
2024-06-18 11:00:00,137.67,138.03,135.61,137.16,208452.664,127.95,151.79
2024-06-18 12:00:00,137.17,137.68,135.34,136.07,280903.58,127.95,151.79
2024-06-18 13:00:00,136.06,136.28,132.9,134.27,371764.233,127.95,151.79
2024-06-18 14:00:00,134.27,137.85,132.88,135.15,366859.875,127.95,151.79
2024-06-18 15:00:00,135.14,136.96,134.1,136.01,222318.62,127.95,151.79
2024-06-18 16:00:00,136.01,136.16,133.27,134.74,141190.607,127.95,151.79
2024-06-18 17:00:00,134.73,135.29,132.61,132.75,134204.76,127.95,151.79
2024-06-18 18:00:00,132.75,134.21,131.75,132.27,176184.436,127.95,151.79
2024-06-18 19:00:00,132.26,133.17,130.41,133.14,235907.096,127.95,151.79
2024-06-18 20:00:00,133.13,136.84,132.03,136.8,407771.34,127.95,151.79
2024-06-18 21:00:00,136.79,138.47,136.29,137.85,221244.188,127.95,151.79
2024-06-18 22:00:00,137.86,137.93,136.36,137.64,118177.137,127.95,151.79
2024-06-18 23:00:00,137.63,137.7,136.51,137.41,92418.873,127.95,151.79
2024-06-19 00:00:00,137.41,138.29,135.96,137.97,138581.571,127.95,151.79
2024-06-19 01:00:00,137.98,139.7,137.09,137.99,285474.711,127.95,151.79
2024-06-19 02:00:00,138.0,140.17,137.94,139.13,176306.444,127.95,150.62
2024-06-19 03:00:00,139.12,141.5,138.97,140.15,198509.712,127.95,149.23
2024-06-19 04:00:00,140.15,141.23,139.84,140.62,145648.068,127.95,149.23
2024-06-19 05:00:00,140.62,141.09,139.49,139.93,148171.421,127.95,149.23
2024-06-19 06:00:00,139.95,141.77,139.72,141.6,107166.9,127.95,149.23
2024-06-19 07:00:00,141.6,141.9,139.76,139.98,163490.806,127.95,148.04
2024-06-19 08:00:00,139.99,140.29,138.48,138.76,170332.304,127.95,147.57
2024-06-19 09:00:00,138.75,139.24,137.78,138.55,96440.073,127.95,147.28
2024-06-19 10:00:00,138.57,139.49,137.88,139.42,96461.219,127.95,146.86
2024-06-19 11:00:00,139.42,139.56,137.0,137.96,132901.073,127.95,146.82
2024-06-19 12:00:00,137.95,138.92,137.29,138.46,91840.742,127.95,146.82
2024-06-19 13:00:00,138.46,138.77,137.44,137.48,71213.206,127.95,146.82
2024-06-19 14:00:00,137.48,137.49,135.51,136.36,139666.411,127.95,146.82
2024-06-19 15:00:00,136.37,137.15,136.17,136.92,110507.162,127.95,146.82
2024-06-19 16:00:00,136.93,137.55,136.0,136.9,149390.649,127.95,146.82
2024-06-19 17:00:00,136.9,139.05,136.7,137.88,120102.803,127.95,146.82
2024-06-19 18:00:00,137.87,138.55,137.45,137.64,120127.852,127.95,146.82
2024-06-19 19:00:00,137.63,137.69,135.59,136.67,296268.492,127.95,146.82
2024-06-19 20:00:00,136.67,136.82,134.76,135.39,322708.666,127.95,146.45
2024-06-19 21:00:00,135.39,135.99,134.59,135.77,97798.166,127.95,144.66
2024-06-19 22:00:00,135.77,135.98,134.67,134.71,69285.677,127.95,144.21
2024-06-19 23:00:00,134.72,135.86,134.47,135.62,88383.34,127.95,144.21
2024-06-20 00:00:00,135.62,136.14,134.7,135.27,88578.55,127.95,144.21
2024-06-20 01:00:00,135.25,137.24,134.55,135.05,165795.448,127.95,143.82
2024-06-20 02:00:00,135.03,135.07,133.82,134.45,101575.747,127.95,142.05
2024-06-20 03:00:00,134.45,134.53,132.6,133.06,177840.015,130.41,141.9
2024-06-20 04:00:00,133.05,134.37,132.53,134.29,116404.851,130.41,141.9
2024-06-20 05:00:00,134.3,136.35,134.3,136.02,169541.469,130.41,141.9
2024-06-20 06:00:00,136.01,136.97,135.35,135.54,181639.505,130.41,141.9
2024-06-20 07:00:00,135.55,138.18,135.29,137.18,293135.577,130.41,141.9
2024-06-20 08:00:00,137.19,137.66,136.42,137.63,117663.459,130.41,141.9
2024-06-20 09:00:00,137.65,138.0,137.14,137.38,91648.884,130.41,141.9
2024-06-20 10:00:00,137.38,139.48,136.84,139.26,115193.954,130.41,141.9
2024-06-20 11:00:00,139.26,141.29,138.57,139.34,301770.157,130.41,141.9
2024-06-20 12:00:00,139.34,139.74,138.19,138.26,117543.955,130.41,141.9
2024-06-20 13:00:00,138.25,138.48,134.8,134.98,304347.174,130.41,141.9
2024-06-20 14:00:00,134.98,135.12,132.55,134.58,247160.702,130.41,141.9
2024-06-20 15:00:00,134.59,134.85,133.13,133.27,131753.042,130.41,141.9
2024-06-20 16:00:00,133.27,134.0,131.9,133.31,187368.391,130.41,141.9
2024-06-20 17:00:00,133.3,134.91,132.75,134.72,100668.509,130.41,141.9
2024-06-20 18:00:00,134.72,135.83,134.25,134.25,103208.717,130.41,141.9
2024-06-20 19:00:00,134.24,134.57,133.53,134.25,90694.44,130.41,141.9
2024-06-20 20:00:00,134.24,134.51,133.67,134.26,87614.516,130.41,141.9
2024-06-20 21:00:00,134.27,134.91,133.66,133.69,68831.685,131.9,141.9
2024-06-20 22:00:00,133.69,134.46,133.66,133.92,65393.369,131.9,141.9
2024-06-20 23:00:00,133.92,134.28,133.42,133.55,82308.392,131.9,141.9
2024-06-21 00:00:00,133.55,134.06,132.23,133.01,111225.635,131.9,141.9
2024-06-21 01:00:00,133.02,134.31,132.46,134.29,110016.813,131.9,141.9
2024-06-21 02:00:00,134.29,134.85,132.91,133.02,116813.603,131.9,141.9
2024-06-21 03:00:00,133.02,133.1,131.71,132.68,138726.832,131.71,141.9
2024-06-21 04:00:00,132.68,133.34,131.84,133.09,120884.932,131.71,141.9
2024-06-21 05:00:00,133.1,133.23,132.19,133.05,91210.286,131.71,141.9
2024-06-21 06:00:00,133.04,133.29,132.1,132.56,116307.016,131.71,141.9
2024-06-21 07:00:00,132.56,133.08,130.64,131.43,143441.239,130.64,141.9
2024-06-21 08:00:00,131.43,131.89,129.66,130.17,198383.602,129.66,141.9
2024-06-21 09:00:00,130.16,132.76,129.93,132.36,162558.093,129.66,141.29
2024-06-21 10:00:00,132.37,132.8,131.7,132.07,102814.44,129.66,141.29
2024-06-21 11:00:00,132.08,132.72,131.61,132.08,84040.534,129.66,141.29
2024-06-21 12:00:00,132.08,132.55,130.58,131.24,161914.971,129.66,141.29
2024-06-21 13:00:00,131.23,131.27,129.4,130.19,189702.923,129.4,141.29
2024-06-21 14:00:00,130.18,133.47,129.67,132.95,227879.006,129.4,141.29
2024-06-21 15:00:00,132.95,133.76,130.52,131.4,181722.199,129.4,141.29
2024-06-21 16:00:00,131.41,131.73,130.4,130.89,115485.673,129.4,141.29
2024-06-21 17:00:00,130.88,131.09,128.99,129.14,163691.17,128.99,141.29
2024-06-21 18:00:00,129.13,132.47,128.76,132.43,143850.967,128.76,141.29
2024-06-21 19:00:00,132.43,133.95,131.6,132.64,144375.374,128.76,141.29
2024-06-21 20:00:00,132.63,134.81,132.58,133.41,139395.827,128.76,141.29
2024-06-21 21:00:00,133.42,134.45,131.92,133.79,92101.99,128.76,141.29
2024-06-21 22:00:00,133.79,134.99,133.22,134.83,87465.691,128.76,141.29
2024-06-21 23:00:00,134.82,135.38,133.73,134.6,86065.211,128.76,141.29
2024-06-22 00:00:00,134.61,134.73,133.0,133.58,88234.641,128.76,141.29
2024-06-22 01:00:00,133.57,134.18,133.21,133.69,47106.828,128.76,141.29
2024-06-22 02:00:00,133.69,135.28,133.62,134.91,66392.73,128.76,141.29
2024-06-22 03:00:00,134.94,135.24,134.21,135.07,80210.739,128.76,141.29
2024-06-22 04:00:00,135.07,135.29,134.73,135.18,63108.874,128.76,141.29
2024-06-22 05:00:00,135.18,135.99,134.96,135.96,95855.951,128.76,141.29
2024-06-22 06:00:00,135.97,136.74,135.27,135.34,156546.105,128.76,141.29
2024-06-22 07:00:00,135.34,135.54,134.52,134.86,64105.832,128.76,141.29
2024-06-22 08:00:00,134.85,134.94,133.79,133.97,66057.912,128.76,141.29
2024-06-22 09:00:00,133.98,134.64,133.7,134.5,58979.176,128.76,141.29
2024-06-22 10:00:00,134.5,134.68,133.94,134.22,52406.687,128.76,141.29
2024-06-22 11:00:00,134.21,134.68,133.84,134.52,57938.816,128.76,141.29
2024-06-22 12:00:00,134.52,134.79,134.24,134.24,52958.918,128.76,141.29
2024-06-22 13:00:00,134.24,134.44,133.9,134.05,53262.543,128.76,139.74
2024-06-22 14:00:00,134.05,134.76,134.05,134.49,45453.679,128.76,138.48
2024-06-22 15:00:00,134.49,134.67,133.98,134.25,53470.06,128.76,136.74
2024-06-22 16:00:00,134.25,134.69,133.98,134.68,65720.906,128.76,136.74
2024-06-22 17:00:00,134.67,135.0,133.91,133.97,56901.706,128.76,136.74
2024-06-22 18:00:00,133.98,134.32,133.95,134.13,21840.357,128.76,136.74
2024-06-22 19:00:00,134.13,134.48,134.02,134.47,28952.628,128.76,136.74
2024-06-22 20:00:00,134.48,134.52,134.03,134.25,32013.476,128.76,136.74
2024-06-22 21:00:00,134.24,134.52,134.14,134.52,21921.07,128.76,136.74
2024-06-22 22:00:00,134.52,134.62,134.13,134.27,28655.325,128.76,136.74
2024-06-22 23:00:00,134.27,134.29,133.16,133.69,41120.932,128.76,136.74
2024-06-23 00:00:00,133.7,135.07,133.59,134.61,58097.83,128.76,136.74
2024-06-23 01:00:00,134.62,135.06,134.19,134.94,63651.89,128.76,136.74
2024-06-23 02:00:00,134.94,135.08,134.27,134.79,45694.821,128.76,136.74
2024-06-23 03:00:00,134.8,135.09,134.41,134.77,44586.876,128.76,136.74
2024-06-23 04:00:00,134.76,135.0,134.56,134.58,31834.141,128.76,136.74
2024-06-23 05:00:00,134.57,134.86,134.21,134.43,23595.631,128.76,136.74
2024-06-23 06:00:00,134.44,134.71,134.34,134.42,20456.948,128.76,136.74
2024-06-23 07:00:00,134.42,134.8,134.39,134.72,26019.61,128.76,136.74
2024-06-23 08:00:00,134.71,134.77,134.48,134.54,17830.983,128.76,136.74
2024-06-23 09:00:00,134.54,134.83,134.2,134.7,28631.586,128.76,136.74
2024-06-23 10:00:00,134.69,134.77,133.7,133.88,46261.396,128.76,136.74
2024-06-23 11:00:00,133.88,134.27,133.48,134.03,41539.56,128.76,136.74
2024-06-23 12:00:00,134.03,134.4,133.88,133.92,34699.774,128.76,136.74
2024-06-23 13:00:00,133.91,134.29,133.48,133.58,52677.011,128.76,136.74
2024-06-23 14:00:00,133.58,133.65,132.04,132.27,88495.899,128.76,136.74
2024-06-23 15:00:00,132.26,132.7,131.43,131.58,68357.928,128.76,136.74
2024-06-23 16:00:00,131.58,132.15,130.43,130.7,93576.829,128.76,136.74
2024-06-23 17:00:00,130.7,131.67,130.59,131.18,82196.293,128.76,136.74
2024-06-23 18:00:00,131.16,131.96,131.15,131.75,49281.019,128.76,136.74
2024-06-23 19:00:00,131.75,132.53,131.4,131.46,56853.59,128.76,136.74
2024-06-23 20:00:00,131.46,131.54,129.03,130.55,161593.096,129.03,136.74
2024-06-23 21:00:00,130.55,130.91,129.5,130.58,103024.131,129.03,136.74
2024-06-23 22:00:00,130.58,130.58,128.69,129.22,133625.449,128.69,136.74
2024-06-23 23:00:00,129.22,129.48,128.22,128.69,119818.94,128.22,136.74
2024-06-24 00:00:00,128.68,129.79,128.18,129.0,140576.074,128.18,136.74
2024-06-24 01:00:00,129.0,129.26,126.38,127.67,225421.35,126.38,136.74
2024-06-24 02:00:00,127.69,128.14,126.0,126.69,177776.597,126.0,136.74
2024-06-24 03:00:00,126.7,127.61,126.07,126.23,94260.571,126.0,136.74
2024-06-24 04:00:00,126.23,126.69,125.42,126.09,200564.011,125.42,136.74
2024-06-24 05:00:00,126.08,126.31,123.21,123.93,401873.943,123.21,136.74
2024-06-24 06:00:00,123.92,125.11,123.84,124.98,156184.542,123.21,136.74
2024-06-24 07:00:00,124.98,125.83,124.38,125.2,217820.461,123.21,136.74
2024-06-24 08:00:00,125.21,126.79,124.62,125.94,178581.217,123.21,135.54
2024-06-24 09:00:00,125.94,126.6,122.0,126.15,555650.889,122.0,135.09
2024-06-24 10:00:00,126.15,127.5,125.97,126.85,244067.169,122.0,135.09
2024-06-24 11:00:00,126.85,127.48,125.82,127.07,223242.309,122.0,135.09
2024-06-24 12:00:00,127.06,128.84,126.72,128.19,211843.99,122.0,135.09
2024-06-24 13:00:00,128.18,129.38,126.27,129.03,223631.808,122.0,135.09
2024-06-24 14:00:00,129.04,129.95,127.63,128.56,183781.577,122.0,135.09
2024-06-24 15:00:00,128.57,128.79,125.64,126.31,220630.887,122.0,135.09
2024-06-24 16:00:00,126.31,127.52,125.85,126.62,245947.684,122.0,135.09
2024-06-24 17:00:00,126.62,129.47,126.2,128.2,368323.28,122.0,135.09
2024-06-24 18:00:00,128.2,130.34,126.62,130.29,240059.276,122.0,135.09
2024-06-24 19:00:00,130.28,130.38,126.71,127.49,211909.863,122.0,135.09
2024-06-24 20:00:00,127.48,129.15,125.04,128.28,372418.06,122.0,135.09
2024-06-24 21:00:00,128.27,131.34,128.06,130.97,221854.921,122.0,135.09
2024-06-24 22:00:00,131.0,131.4,130.14,130.21,105468.982,122.0,135.09
2024-06-24 23:00:00,130.21,132.66,130.21,132.33,161608.316,122.0,135.09
2024-06-25 00:00:00,132.34,132.98,131.8,132.26,126985.01,122.0,135.09
2024-06-25 01:00:00,132.27,132.42,131.2,132.19,93315.454,122.0,135.09
2024-06-25 02:00:00,132.18,133.51,131.58,132.98,185808.771,122.0,135.09
2024-06-25 03:00:00,132.97,136.58,132.67,135.79,273324.244,122.0,136.58
2024-06-25 04:00:00,135.79,136.4,135.07,136.38,279003.868,122.0,136.58
2024-06-25 05:00:00,136.37,136.86,135.32,135.69,153331.642,122.0,136.86
2024-06-25 06:00:00,135.69,136.22,135.31,136.01,87447.369,122.0,136.86
2024-06-25 07:00:00,136.01,136.35,134.56,134.82,143008.626,122.0,136.86
2024-06-25 08:00:00,134.82,135.02,133.47,134.38,213771.628,122.0,136.86
2024-06-25 09:00:00,134.39,137.62,134.05,137.05,181300.364,122.0,137.62
2024-06-25 10:00:00,137.05,139.16,136.55,138.83,254622.683,122.0,139.16
2024-06-25 11:00:00,138.83,138.9,137.22,137.8,150906.756,122.0,139.16
2024-06-25 12:00:00,137.81,138.2,136.49,136.72,162323.034,122.0,139.16
2024-06-25 13:00:00,136.72,137.6,136.45,136.87,125910.197,122.0,139.16
2024-06-25 14:00:00,136.87,139.08,136.66,138.18,225201.391,122.0,139.16
2024-06-25 15:00:00,138.18,139.9,137.34,139.43,299255.321,122.0,139.9
2024-06-25 16:00:00,139.43,139.6,137.13,137.53,186617.919,122.0,139.9
2024-06-25 17:00:00,137.53,138.75,137.21,137.34,152000.329,122.0,139.9
2024-06-25 18:00:00,137.34,139.43,137.01,139.19,152599.739,122.0,139.9
2024-06-25 19:00:00,139.19,139.5,138.28,138.75,109402.244,122.0,139.9
2024-06-25 20:00:00,138.73,139.0,138.15,138.27,68438.842,122.0,139.9
2024-06-25 21:00:00,138.26,138.27,137.27,137.39,89350.309,122.0,139.9
2024-06-25 22:00:00,137.38,138.15,136.73,136.9,97756.748,122.0,139.9
2024-06-25 23:00:00,136.9,136.98,135.86,136.58,151979.216,122.0,139.9
2024-06-26 00:00:00,136.57,137.22,136.14,136.43,58152.472,122.0,139.9
2024-06-26 01:00:00,136.43,139.46,136.24,139.05,152971.614,122.0,139.9
2024-06-26 02:00:00,139.05,140.41,138.56,138.89,123683.991,122.0,140.41
2024-06-26 03:00:00,138.88,139.28,137.7,138.46,209653.001,122.0,140.41
2024-06-26 04:00:00,138.46,138.8,136.85,136.9,130449.716,122.0,140.41
2024-06-26 05:00:00,136.89,137.49,136.33,136.76,88161.355,122.0,140.41
2024-06-26 06:00:00,136.77,137.53,136.59,136.93,87305.295,122.0,140.41
2024-06-26 07:00:00,136.93,138.03,136.81,137.94,101148.724,122.0,140.41
2024-06-26 08:00:00,137.94,138.17,136.16,136.51,93993.55,122.0,140.41
2024-06-26 09:00:00,136.5,137.2,136.16,136.88,69845.966,122.0,140.41
2024-06-26 10:00:00,136.87,137.11,136.03,136.74,93857.894,122.0,140.41
2024-06-26 11:00:00,136.73,137.58,136.58,137.32,82724.805,125.04,140.41
2024-06-26 12:00:00,137.32,137.69,136.51,137.05,66342.268,125.04,140.41
2024-06-26 13:00:00,137.06,138.93,136.58,138.62,112974.187,125.04,140.41
2024-06-26 14:00:00,138.63,139.49,137.47,137.84,138037.11,125.04,140.41
2024-06-26 15:00:00,137.84,137.98,136.07,136.88,164540.018,125.04,140.41
2024-06-26 16:00:00,136.89,137.45,135.58,136.13,95449.776,125.04,140.41
2024-06-26 17:00:00,136.11,136.36,134.85,136.27,169635.527,125.04,140.41
2024-06-26 18:00:00,136.28,136.3,135.12,135.7,59156.922,125.04,140.41
2024-06-26 19:00:00,135.69,137.83,135.37,137.76,114789.013,125.04,140.41
2024-06-26 20:00:00,137.75,138.46,136.26,137.12,114089.144,125.04,140.41
2024-06-26 21:00:00,137.12,137.94,136.66,137.68,60591.904,125.04,140.41
2024-06-26 22:00:00,137.67,138.39,137.04,137.4,69283.304,128.06,140.41
2024-06-26 23:00:00,137.39,137.58,136.36,136.81,46590.51,130.14,140.41
2024-06-27 00:00:00,136.81,137.47,136.0,136.8,68779.076,130.21,140.41
2024-06-27 01:00:00,136.8,136.98,136.18,136.53,64532.237,131.2,140.41
2024-06-27 02:00:00,136.52,136.96,135.61,136.87,73645.752,131.2,140.41
2024-06-27 03:00:00,136.87,137.94,136.48,137.52,77611.772,131.58,140.41
2024-06-27 04:00:00,137.51,137.73,136.92,136.98,58921.832,132.67,140.41
2024-06-27 05:00:00,136.98,137.2,136.01,136.17,58789.58,133.47,140.41
2024-06-27 06:00:00,136.18,136.33,135.2,135.83,89105.306,133.47,140.41
2024-06-27 07:00:00,135.83,136.22,135.5,135.91,56876.591,133.47,140.41
2024-06-27 08:00:00,135.91,136.45,135.52,136.43,52593.176,133.47,140.41
2024-06-27 09:00:00,136.44,138.45,136.14,138.29,148658.141,133.47,140.41
2024-06-27 10:00:00,138.29,139.47,138.01,138.41,178295.62,134.05,140.41
2024-06-27 11:00:00,138.41,139.46,138.4,139.05,74982.002,134.85,140.41
2024-06-27 12:00:00,139.03,140.37,138.52,139.59,182111.195,134.85,140.41
2024-06-27 13:00:00,139.6,150.09,139.47,148.03,1627739.817,134.85,150.09
2024-06-27 14:00:00,148.02,151.21,147.47,148.06,590437.316,134.85,151.21
2024-06-27 15:00:00,148.06,148.4,146.6,147.77,227395.961,134.85,151.21
2024-06-27 16:00:00,147.77,148.3,146.61,147.86,136269.697,134.85,151.21
2024-06-27 17:00:00,147.85,148.63,147.67,148.27,120981.908,134.85,151.21
2024-06-27 18:00:00,148.27,149.44,147.85,148.8,123144.864,134.85,151.21
2024-06-27 19:00:00,148.81,148.84,147.52,148.46,113703.492,134.85,151.21
2024-06-27 20:00:00,148.46,149.65,148.07,149.52,103161.26,134.85,151.21
2024-06-27 21:00:00,149.52,150.36,149.2,149.99,92525.362,134.85,151.21
2024-06-27 22:00:00,149.99,150.52,149.48,150.21,83523.209,134.85,151.21
2024-06-27 23:00:00,150.21,150.33,149.13,149.71,47182.27,134.85,151.21
2024-06-28 00:00:00,149.71,149.9,147.16,147.57,129603.627,134.85,151.21
2024-06-28 01:00:00,147.58,150.84,147.29,148.93,157133.683,134.85,151.21
2024-06-28 02:00:00,148.93,149.34,146.51,147.06,164467.016,134.85,151.21
2024-06-28 03:00:00,147.08,147.8,146.62,147.54,72847.655,134.85,151.21
2024-06-28 04:00:00,147.54,147.59,145.5,146.14,136422.026,134.85,151.21
2024-06-28 05:00:00,146.14,146.15,143.79,144.25,165569.805,134.85,151.21
2024-06-28 06:00:00,144.24,145.3,144.09,145.25,89786.375,134.85,151.21
2024-06-28 07:00:00,145.24,145.44,144.14,145.37,77646.627,134.85,151.21
2024-06-28 08:00:00,145.38,145.86,144.77,145.44,72596.687,134.85,151.21
2024-06-28 09:00:00,145.44,146.2,144.81,145.91,89953.868,134.85,151.21
2024-06-28 10:00:00,145.9,146.0,144.92,145.35,54261.566,134.85,151.21
2024-06-28 11:00:00,145.34,146.07,145.04,145.5,72252.595,134.85,151.21
2024-06-28 12:00:00,145.5,146.93,144.16,144.49,222180.419,134.85,151.21
2024-06-28 13:00:00,144.49,145.68,143.05,143.56,233367.23,134.85,151.21
2024-06-28 14:00:00,143.57,144.1,141.49,141.86,295361.491,134.85,151.21
2024-06-28 15:00:00,141.86,145.69,140.86,143.23,306992.664,134.85,151.21
2024-06-28 16:00:00,143.22,143.97,141.04,143.45,252078.855,134.85,151.21
2024-06-28 17:00:00,143.44,143.44,140.38,141.33,169043.583,134.85,151.21
2024-06-28 18:00:00,141.33,142.12,140.88,141.75,87066.242,134.85,151.21
2024-06-28 19:00:00,141.74,142.09,140.12,140.98,141441.983,135.12,151.21
2024-06-28 20:00:00,140.98,141.64,139.71,140.07,121148.613,135.2,151.21
2024-06-28 21:00:00,140.07,140.7,139.01,140.41,93590.955,135.2,151.21
2024-06-28 22:00:00,140.41,140.7,139.85,140.03,84866.093,135.2,151.21
2024-06-28 23:00:00,140.04,140.23,139.66,140.03,49351.609,135.2,151.21
2024-06-29 00:00:00,140.03,141.64,139.97,141.04,87035.925,135.2,151.21
2024-06-29 01:00:00,141.03,142.6,140.94,141.97,147179.709,135.2,151.21
2024-06-29 02:00:00,141.99,142.41,141.67,142.08,48350.196,135.2,151.21
2024-06-29 03:00:00,142.08,142.24,141.49,141.77,28998.811,135.2,151.21
2024-06-29 04:00:00,141.78,141.9,141.22,141.35,28598.254,135.2,151.21
2024-06-29 05:00:00,141.34,141.43,140.1,140.59,103161.035,135.2,151.21
2024-06-29 06:00:00,140.6,141.33,140.58,141.11,36967.349,135.2,151.21
2024-06-29 07:00:00,141.11,142.52,141.11,142.0,107880.46,135.2,151.21
2024-06-29 08:00:00,142.0,142.37,141.49,142.25,98342.147,135.5,151.21
2024-06-29 09:00:00,142.25,142.89,141.71,142.86,75621.333,135.52,151.21
2024-06-29 10:00:00,142.87,143.26,142.49,142.6,86929.519,136.14,151.21
2024-06-29 11:00:00,142.61,142.76,142.2,142.66,51739.008,138.01,151.21
2024-06-29 12:00:00,142.66,143.0,141.98,142.27,47381.096,138.4,151.21
2024-06-29 13:00:00,142.27,142.49,141.88,142.13,44333.519,138.52,151.21
2024-06-29 14:00:00,142.14,142.64,141.52,141.82,66976.542,139.01,151.21
2024-06-29 15:00:00,141.83,142.8,141.2,142.68,80078.854,139.01,151.21
2024-06-29 16:00:00,142.67,142.83,141.91,142.22,33338.275,139.01,150.84
2024-06-29 17:00:00,142.22,142.45,141.7,142.35,28484.204,139.01,150.84
2024-06-29 18:00:00,142.36,142.43,141.79,142.01,25209.492,139.01,150.84
2024-06-29 19:00:00,142.0,142.14,140.82,141.72,58382.366,139.01,150.84
2024-06-29 20:00:00,141.72,141.82,140.8,141.03,30374.156,139.01,150.84
2024-06-29 21:00:00,141.03,141.15,140.46,140.73,43427.23,139.01,150.84
2024-06-29 22:00:00,140.73,140.88,139.67,140.06,75434.937,139.01,150.84
2024-06-29 23:00:00,140.06,140.61,139.97,140.28,34761.126,139.01,150.84
2024-06-30 00:00:00,140.28,141.09,139.93,140.76,43192.252,139.01,150.84
2024-06-30 01:00:00,140.76,140.8,139.7,140.09,52366.643,139.01,150.84
2024-06-30 02:00:00,140.09,140.19,138.02,138.93,149500.399,138.02,150.84
2024-06-30 03:00:00,138.93,139.27,138.25,138.3,56927.594,138.02,149.34
2024-06-30 04:00:00,138.3,138.3,137.38,137.61,85336.536,137.38,147.8
2024-06-30 05:00:00,137.6,137.85,137.09,137.68,59511.846,137.09,147.59
2024-06-30 06:00:00,137.68,139.12,137.45,139.12,59745.938,137.09,146.93
2024-06-30 07:00:00,139.12,141.12,139.02,140.64,193326.43,137.09,146.93
2024-06-30 08:00:00,140.65,141.63,140.37,141.29,76000.933,137.09,146.93
2024-06-30 09:00:00,141.28,141.79,140.86,140.95,86026.258,137.09,146.93
2024-06-30 10:00:00,140.94,141.25,140.34,140.84,71974.204,137.09,146.93
2024-06-30 11:00:00,140.84,141.5,140.68,141.18,39356.577,137.09,146.93
2024-06-30 12:00:00,141.18,141.59,140.58,141.02,41391.47,137.09,146.93
2024-06-30 13:00:00,141.03,142.49,141.02,142.4,77647.256,137.09,146.93
2024-06-30 14:00:00,142.41,142.5,141.66,142.14,77927.07,137.09,145.69
2024-06-30 15:00:00,142.15,144.0,142.14,143.83,121933.262,137.09,145.69
2024-06-30 16:00:00,143.82,143.93,142.75,143.23,75657.217,137.09,145.69
2024-06-30 17:00:00,143.23,144.28,143.0,144.07,66800.624,137.09,144.28
2024-06-30 18:00:00,144.08,145.9,143.77,145.28,120799.501,137.09,145.9
2024-06-30 19:00:00,145.29,145.36,144.51,144.82,76423.492,137.09,145.9
2024-06-30 20:00:00,144.82,145.99,144.41,144.42,87700.346,137.09,145.99
2024-06-30 21:00:00,144.41,144.81,143.79,144.48,68762.114,137.09,145.99
2024-06-30 22:00:00,144.48,147.62,144.48,147.04,220239.767,137.09,147.62
2024-06-30 23:00:00,147.04,147.28,146.38,146.61,78122.46,137.09,147.62
2024-07-01 00:00:00,146.61,148.22,145.97,147.83,130743.758,137.09,148.22
2024-07-01 01:00:00,147.83,149.13,147.38,148.26,164894.196,137.09,149.13
2024-07-01 02:00:00,148.26,148.85,147.0,147.42,128138.574,137.09,149.13
2024-07-01 03:00:00,147.42,147.99,147.3,147.61,56788.424,137.09,149.13
2024-07-01 04:00:00,147.61,148.14,147.21,147.45,48379.585,137.09,149.13
2024-07-01 05:00:00,147.46,148.49,147.46,148.01,64277.297,137.09,149.13
2024-07-01 06:00:00,148.01,148.29,147.17,148.0,51378.705,137.09,149.13
2024-07-01 07:00:00,148.0,148.71,147.49,148.3,60549.911,137.09,149.13
2024-07-01 08:00:00,148.3,149.09,146.78,147.44,188680.461,137.09,149.13
2024-07-01 09:00:00,147.45,148.03,146.85,147.8,67928.401,137.09,149.13
2024-07-01 10:00:00,147.8,147.97,146.64,146.86,69995.977,137.09,149.13
2024-07-01 11:00:00,146.85,146.97,145.87,146.14,81625.173,137.09,149.13
2024-07-01 12:00:00,146.15,147.49,146.04,147.49,72431.265,137.09,149.13
2024-07-01 13:00:00,147.48,148.72,146.3,146.99,167220.686,137.09,149.13
2024-07-01 14:00:00,146.99,148.06,146.19,147.84,141247.724,137.09,149.13
2024-07-01 15:00:00,147.85,148.67,147.38,148.5,146909.288,137.09,149.13
2024-07-01 16:00:00,148.51,149.36,147.67,147.98,137844.787,137.09,149.36
2024-07-01 17:00:00,147.98,148.45,147.06,148.06,104333.969,137.09,149.36
2024-07-01 18:00:00,148.06,148.85,147.2,147.75,113192.675,137.09,149.36
2024-07-01 19:00:00,147.75,147.88,146.6,147.32,63333.351,137.09,149.36
2024-07-01 20:00:00,147.33,148.01,147.18,147.53,30443.076,137.09,149.36
2024-07-01 21:00:00,147.53,148.26,147.2,147.57,36910.799,137.09,149.36
2024-07-01 22:00:00,147.58,147.78,146.0,146.79,106297.355,137.09,149.36
2024-07-01 23:00:00,146.8,147.1,146.02,146.67,46707.399,137.09,149.36
2024-07-02 00:00:00,146.68,147.65,146.14,147.34,55324.043,137.09,149.36
2024-07-02 01:00:00,147.34,147.84,146.96,147.62,41009.19,137.09,149.36
2024-07-02 02:00:00,147.63,149.09,147.62,149.07,88656.24,137.09,149.36
2024-07-02 03:00:00,149.07,149.91,148.46,149.16,93607.467,137.09,149.91
2024-07-02 04:00:00,149.17,149.95,148.8,148.9,144002.31,137.09,149.95
2024-07-02 05:00:00,148.9,149.3,148.67,149.08,44510.432,137.09,149.95
2024-07-02 06:00:00,149.09,149.17,147.56,147.76,71432.151,137.09,149.95
2024-07-02 07:00:00,147.76,147.86,146.98,147.43,111667.881,137.45,149.95
2024-07-02 08:00:00,147.43,148.4,146.88,148.0,77030.523,139.02,149.95
2024-07-02 09:00:00,148.01,148.5,147.7,148.29,46025.163,140.34,149.95
2024-07-02 10:00:00,148.3,148.92,147.72,148.82,52794.978,140.34,149.95
2024-07-02 11:00:00,148.83,150.1,148.46,149.68,178877.51,140.34,150.1
2024-07-02 12:00:00,149.68,151.61,148.95,150.53,161768.445,140.58,151.61
2024-07-02 13:00:00,150.53,151.87,148.45,148.87,210915.351,140.58,151.87
2024-07-02 14:00:00,148.87,149.23,147.22,148.28,221936.186,141.02,151.87
2024-07-02 15:00:00,148.28,149.05,147.63,148.39,106614.421,141.66,151.87
2024-07-02 16:00:00,148.4,149.08,147.65,149.01,71344.926,142.14,151.87
2024-07-02 17:00:00,149.02,150.01,148.22,149.98,100903.244,142.75,151.87
2024-07-02 18:00:00,149.98,153.82,149.97,152.95,318655.175,143.0,153.82
2024-07-02 19:00:00,152.96,153.66,152.13,152.79,139343.041,143.77,153.82
2024-07-02 20:00:00,152.8,153.5,152.33,153.09,82480.407,143.79,153.82
2024-07-02 21:00:00,153.09,154.02,152.95,153.69,92421.266,143.79,154.02
2024-07-02 22:00:00,153.7,154.85,153.7,154.72,152793.308,143.79,154.85
2024-07-02 23:00:00,154.72,155.0,153.7,154.03,111947.634,144.48,155.0
2024-07-03 00:00:00,154.03,154.5,153.4,153.47,77308.848,145.87,155.0
2024-07-03 01:00:00,153.47,153.91,151.75,152.24,169260.219,145.87,155.0
2024-07-03 02:00:00,152.24,152.84,151.5,152.14,142836.302,145.87,155.0
2024-07-03 03:00:00,152.14,152.17,149.2,150.56,228975.028,145.87,155.0
2024-07-03 04:00:00,150.57,150.57,147.78,148.17,242893.255,145.87,155.0
2024-07-03 05:00:00,148.17,149.47,148.06,149.41,142151.426,145.87,155.0
2024-07-03 06:00:00,149.4,149.66,148.69,148.89,90467.779,145.87,155.0
2024-07-03 07:00:00,148.9,149.0,146.39,146.4,198624.682,145.87,155.0
2024-07-03 08:00:00,146.39,146.81,145.03,146.39,220485.636,145.03,155.0
2024-07-03 09:00:00,146.39,147.28,146.04,146.47,120388.247,145.03,155.0
2024-07-03 10:00:00,146.46,146.46,143.45,144.17,347704.062,143.45,155.0
2024-07-03 11:00:00,144.17,144.55,142.77,144.07,165001.629,142.77,155.0
2024-07-03 12:00:00,144.07,144.08,141.23,141.52,254618.654,141.23,155.0
2024-07-03 13:00:00,141.51,144.22,141.11,144.17,266368.52,141.11,155.0
2024-07-03 14:00:00,144.16,144.34,141.6,141.7,160322.714,141.11,155.0
2024-07-03 15:00:00,141.71,142.73,140.94,141.68,154665.978,140.94,155.0
2024-07-03 16:00:00,141.68,143.23,141.1,142.58,219246.175,140.94,155.0
2024-07-03 17:00:00,142.59,142.8,142.23,142.41,27780.204,140.94,155.0
